<?xml version="1.0" encoding="UTF-8"?>
<!DOCTYPE mapper PUBLIC "-//mybatis.org//DTD Mapper 3.0//EN" "http://mybatis.org/dtd/mybatis-3-mapper.dtd">
 
<mapper namespace="sample">
     
     <select id="selectMainPage" parameterType="hashmap" resultType="hashmap">
     	<![CDATA[
     		SELECT
			    IDX,
			    TITLE,
			    HIT_CNT,
			    CREA_DTM
			FROM
			    TB_BOARD
			WHERE 
				DEL_GB = 'N' 
			ORDER BY IDX DESC
     	]]>
     </select>
     
     <insert id="insertBoard" parameterType="hashmap">
	    <![CDATA[
	        INSERT INTO TB_BOARD
	        (
	            IDX,
	            TITLE,
	            CONTENTS,
	            HIT_CNT,
	            DEL_GB,
	            CREA_DTM,
	            CREA_ID
	        )
	        VALUES
	        (
	            SEQ_TB_BOARD_IDX.NEXTVAL,
	            #{TITLE}, 
	            #{CONTENTS},
	            0,
	            'N',
	            SYSDATE,
	            'Admin'
	        )
	    ]]>
	</insert>
	
	<update id="updateHitCnt" parameterType="hashmap">
	    <![CDATA[
	        UPDATE TB_BOARD
	        SET
	            HIT_CNT = NVL(HIT_CNT, 0) + 1
	        WHERE
	            IDX = #{IDX}   
	    ]]>
	</update>
	 
	<select id="selectBoardDetail" parameterType="hashmap" resultType="hashmap">
	    <![CDATA[
	        SELECT
	            IDX,
	            HIT_CNT,
	            CREA_ID,
	            CREA_DTM,
	            TITLE,
	            CONTENTS
	        FROM
	            TB_BOARD
	        WHERE
	            IDX = #{IDX}       
	    ]]>
	</select>
	
	<update id="updateBoard" parameterType="hashmap">
	    <![CDATA[
	        UPDATE TB_BOARD
	        SET
	            TITLE = #{TITLE},
	            CONTENTS = #{CONTENTS}
	        WHERE
	            IDX = #{IDX}   
	    ]]>
	</update>

	<update id="deleteBoard" parameterType="hashmap">
	    <![CDATA[
	        UPDATE TB_BOARD
	        SET
	            DEL_GB = 'Y'
	        WHERE
	            IDX = #{IDX}
	    ]]>
	</update>

</mapper>
