<?xml version="1.0" encoding="UTF-8"?>
<beans xmlns="http://www.springframework.org/schema/beans"
	xmlns:xsi="http://www.w3.org/2001/XMLSchema-instance"
	xsi:schemaLocation="http://www.springframework.org/schema/beans http://www.springframework.org/schema/beans/spring-beans-3.0.xsd
						http://www.springframework.org/schema/jdbc  http://www.springframework.org/schema/jdbc/spring-jdbc-3.0.xsd">
    
    <!-- MySQL 설정 -->
<!--     <bean id="dataSource" class="org.apache.commons.dbcp.BasicDataSource" destroy-method="close"> -->
<!--         <property name="driverClassName" value="com.mysql.jdbc.Driver"/> -->
<!--         <property name="url" value="jdbc:mysql://IP주소/스키마"/> -->
<!--         <property name="username" value="아이디"/> -->
<!--         <property name="password" value="비밀번호"/> -->
<!--     </bean> -->
    
    <!-- 오라클 설정 -->
    <bean id="dataSource" class="org.apache.commons.dbcp.BasicDataSource" destroy-method="close">
        <property name="driverClassName" value="oracle.jdbc.driver.OracleDriver"/>
        <property name="url" value="jdbc:oracle:thin:@localhost:1521:paran"/>
        <property name="username" value="FIRST"/>
        <property name="password" value="FIRST"/>
    </bean> 
</beans>
 
